id,name,event_type,purse,winning_share,currency,points,start_date,end_date,course_timezone,status,seasons,coverage,venue,rounds,field
3a247fb8-ba65-4c23-915f-f442c36d65fd,ZOZO CHAMPIONSHIP,stroke,11000000.0,1980000.0,USD,500.0,2022-10-13,2022-10-16,Asia/Tokyo,closed,"{'id': 'ece9907c-6fe3-4944-8cb9-bb1033270259', 'year': 2023, 'tour': {'id': 'b52068af-28e4-4e91-bdbb-037591b0ff84', 'alias': 'pga', 'name': 'PGA Tour'}}",full,,"{'id': '0ecd06da-2407-4351-89cd-efc02a4e3fad', 'number': 1, 'status': 'closed', 'weather': {'temp': 59, 'condition': 'Light Rain', 'wind': {'speed': 12, 'direction': 'NNW'}}, 'broadcasts': [{'network': 'Golf Channel', 'satellite': '218', 'start_at': '2022-10-13T03:00:00+00:00', 'end_at': '2022-10-13T07:00:00+00:00'}, {'internet': 'Peacock', 'start_at': '2022-10-13T03:00:00+00:00', 'end_at': '2022-10-13T07:00:00+00:00'}]}","{'id': 'b2cde176-328d-4856-9684-6885a1651f57', 'first_name': 'Christiaan', 'last_name': 'Bezuidenhout', 'country': 'SOUTH AFRICA', 'abbr_name': 'C.Bezuidenhout'}"
,,,,,,,,,,,,,,"{'id': 'a65d0c71-dc3c-449f-a8dd-b81a5bdc9a6e', 'number': 2, 'status': 'closed', 'weather': {'temp': 68, 'condition': 'Partly cloudy', 'wind': {'speed': 13, 'direction': 'N'}}, 'broadcasts': [{'network': 'Golf Channel', 'satellite': '218', 'start_at': '2022-10-14T03:00:00+00:00', 'end_at': '2022-10-14T07:00:00+00:00'}, {'internet': 'Peacock', 'start_at': '2022-10-14T03:00:00+00:00', 'end_at': '2022-10-14T07:00:00+00:00'}]}","{'id': '0b5d3fd6-e3ec-4efd-8743-60db44c87425', 'first_name': 'Keegan', 'last_name': 'Bradley', 'country': 'UNITED STATES', 'abbr_name': 'K.Bradley'}"
,,,,,,,,,,,,,,"{'id': 'c2550087-3ac0-424f-9dca-26b7cc95a6eb', 'number': 3, 'status': 'closed', 'weather': {'temp': 75, 'condition': 'Partly cloudy', 'wind': {'speed': 8, 'direction': 'NNE'}}, 'broadcasts': [{'internet': 'Peacock', 'start_at': '2022-10-15T02:30:00+00:00', 'end_at': '2022-10-15T06:30:00+00:00'}, {'network': 'Golf Channel', 'satellite': '218', 'start_at': '2022-10-15T02:30:00+00:00', 'end_at': '2022-10-15T06:30:00+00:00'}]}","{'id': 'a92aa003-0301-40e3-ab69-663fe47d9012', 'first_name': 'Hayden', 'last_name': 'Buckley', 'country': 'UNITED STATES', 'abbr_name': 'H.Buckley'}"
,,,,,,,,,,,,,,"{'id': '1a155b35-186f-4c4d-9c1a-154a9b76cd51', 'number': 4, 'status': 'closed', 'weather': {'temp': 73, 'condition': 'Partly cloudy', 'wind': {'speed': 9, 'direction': 'ESE'}}, 'broadcasts': [{'internet': 'Peacock', 'start_at': '2022-10-16T03:00:00+00:00', 'end_at': '2022-10-16T07:00:00+00:00'}, {'network': 'Golf Channel', 'satellite': '218', 'start_at': '2022-10-16T03:00:00+00:00', 'end_at': '2022-10-16T07:00:00+00:00'}]}","{'id': '72b7246a-6391-4024-8d0f-35fa1c459664', 'first_name': 'Cameron', 'last_name': 'Champ', 'country': 'UNITED STATES', 'abbr_name': 'C.Champ'}"
,,,,,,,,,,,,,,,"{'id': '0f2eb1c3-7278-4b5e-af2e-fd67644834b5', 'first_name': 'Wyndham', 'last_name': 'Clark', 'country': 'UNITED STATES', 'abbr_name': 'W.Clark'}"
,,,,,,,,,,,,,,,"{'id': 'dfc22025-5644-4b06-9eac-52db7df7b259', 'first_name': 'Corey', 'last_name': 'Conners', 'country': 'CANADA', 'abbr_name': 'C.Conners'}"
,,,,,,,,,,,,,,,"{'id': 'e8860c1b-85bf-4997-8f60-cf8681935219', 'first_name': 'Joel', 'last_name': 'Dahmen', 'country': 'UNITED STATES', 'abbr_name': 'J.Dahmen'}"
,,,,,,,,,,,,,,,"{'id': 'f2bc6b83-fab1-4567-8bcf-9287d1940f2d', 'first_name': 'Cameron', 'last_name': 'Davis', 'country': 'AUSTRALIA', 'abbr_name': 'C.Davis'}"
,,,,,,,,,,,,,,,"{'id': '6577ec3d-9e78-4979-8f4c-01c465fa6b1d', 'first_name': 'Tommy', 'last_name': 'Fleetwood', 'country': 'ENGLAND', 'abbr_name': 'T.Fleetwood'}"
,,,,,,,,,,,,,,,"{'id': '5735703a-32d9-4a6c-8b24-6596f300bc44', 'first_name': 'Rickie', 'last_name': 'Fowler', 'country': 'UNITED STATES', 'abbr_name': 'R.Fowler'}"
,,,,,,,,,,,,,,,"{'id': '1c228994-a417-4452-896c-e77cdbe9af6b', 'first_name': 'Dylan', 'last_name': 'Frittelli', 'country': 'SOUTH AFRICA', 'abbr_name': 'D.Frittelli'}"
,,,,,,,,,,,,,,,"{'id': 'f1fb4562-ffe8-4539-927b-0ffd13e9533f', 'first_name': 'Emiliano', 'last_name': 'Grillo', 'country': 'ARGENTINA', 'abbr_name': 'E.Grillo'}"
,,,,,,,,,,,,,,,"{'id': 'ce5a1cd5-bf8c-4f0d-9903-844ec3aa7e10', 'first_name': 'Tyrrell', 'last_name': 'Hatton', 'country': 'ENGLAND', 'abbr_name': 'T.Hatton'}"
,,,,,,,,,,,,,,,"{'id': 'b9cafdfc-8b4c-456e-a812-20e9ff739c10', 'first_name': 'Lucas', 'last_name': 'Herbert', 'country': 'AUSTRALIA', 'abbr_name': 'L.Herbert'}"
,,,,,,,,,,,,,,,"{'id': '09983b18-825f-485d-9e88-1da1d9f3783d', 'first_name': 'Kazuki', 'last_name': 'Higa', 'country': 'JAPAN', 'abbr_name': 'K.Higa'}"
,,,,,,,,,,,,,,,"{'id': '8a699c51-e95c-4f2b-b57c-2fab6eb01adf', 'first_name': 'Ryo', 'last_name': 'Hisatune', 'country': 'Japan', 'abbr_name': 'R.Hisatune'}"
,,,,,,,,,,,,,,,"{'id': '045c94ec-9444-424e-8c8f-5045d872c57b', 'first_name': 'Lee', 'last_name': 'Hodges', 'country': 'UNITED STATES', 'abbr_name': 'L.Hodges'}"
,,,,,,,,,,,,,,,"{'id': 'dae7d61f-bde2-4182-9e99-06b48689f004', 'first_name': 'Tom', 'last_name': 'Hoge', 'country': 'UNITED STATES', 'abbr_name': 'T.Hoge'}"
,,,,,,,,,,,,,,,"{'id': '8cea0a81-9c21-4ba3-b1fb-c27de752491e', 'first_name': 'Mikumu', 'last_name': 'Horikawa', 'country': 'JAPAN', 'abbr_name': 'M.Horikawa'}"
,,,,,,,,,,,,,,,"{'id': 'e53f4a04-d8c9-45f0-87be-71c4c9dbf9b3', 'first_name': 'Rikuya', 'last_name': 'Hoshino', 'country': 'JAPAN', 'abbr_name': 'R.Hoshino'}"
,,,,,,,,,,,,,,,"{'id': '7060c098-0919-4fbb-9c12-c396378fd6e5', 'first_name': 'Beau', 'last_name': 'Hossler', 'country': 'UNITED STATES', 'abbr_name': 'B.Hossler'}"
,,,,,,,,,,,,,,,"{'id': '965d925a-5ecd-409c-beb7-a34ef1ca52f3', 'first_name': 'Viktor', 'last_name': 'Hovland', 'country': 'NORWAY', 'abbr_name': 'V.Hovland'}"
,,,,,,,,,,,,,,,"{'id': 'e0bb81ec-b52c-4805-bb9a-a90fa981b5fb', 'first_name': 'Mark', 'last_name': 'Hubbard', 'country': 'UNITED STATES', 'abbr_name': 'M.Hubbard'}"
,,,,,,,,,,,,,,,"{'id': '6cad8490-72de-4df2-9d6a-ee1be88df338', 'first_name': 'Mackenzie', 'last_name': 'Hughes', 'country': 'CANADA', 'abbr_name': 'M.Hughes'}"
,,,,,,,,,,,,,,,"{'id': '0c6211a3-ded4-49cf-a63c-190fbbff0ea0', 'first_name': 'John', 'last_name': 'Huh', 'country': 'UNITED STATES', 'abbr_name': 'J.Huh'}"
,,,,,,,,,,,,,,,"{'id': 'ac1db384-8cb4-4223-bc46-60f4ed963645', 'first_name': 'Sungjae', 'last_name': 'Im', 'country': 'SOUTH KOREA', 'abbr_name': 'S.Im'}"
,,,,,,,,,,,,,,,"{'id': '674c3342-7479-40b6-81d3-3eeb7a4cb81b', 'first_name': 'Shugo', 'last_name': 'Imahira', 'country': 'JAPAN', 'abbr_name': 'S.Imahira'}"
,,,,,,,,,,,,,,,"{'id': '77685028-690c-4ec4-9f82-eb38f2481016', 'first_name': 'Aguri', 'last_name': 'Iwasaki', 'country': 'JAPAN', 'abbr_name': 'A.Iwasaki'}"
,,,,,,,,,,,,,,,"{'id': 'e046f164-25bb-4bdb-b0cd-7a594edd9e0e', 'first_name': 'Hiroshi', 'last_name': 'Iwata', 'country': 'JAPAN', 'abbr_name': 'H.Iwata'}"
,,,,,,,,,,,,,,,"{'id': '5488bb49-3607-4517-a3a1-5cf68737aa37', 'first_name': 'Stephan', 'last_name': 'Jaeger', 'country': 'GERMANY', 'abbr_name': 'S.Jaeger'}"
,,,,,,,,,,,,,,,"{'id': 'a0a52f7a-4dbf-4656-ba47-1e1b6de63411', 'first_name': 'Takumi', 'last_name': 'Kanaya', 'country': 'JAPAN', 'abbr_name': 'T.Kanaya'}"
,,,,,,,,,,,,,,,"{'id': '7a0277b6-8e6a-4590-ae98-f2335fcabc91', 'first_name': 'Naoyuki', 'last_name': 'Kataoka', 'country': 'Japan', 'abbr_name': 'N.Kataoka'}"
,,,,,,,,,,,,,,,"{'id': 'b59048c3-989d-49bf-b0cc-e5516c67da64', 'first_name': 'Yuto', 'last_name': 'Katsuragawa', 'country': 'Japan', 'abbr_name': 'Y.Katsuragawa'}"
,,,,,,,,,,,,,,,"{'id': '922957dd-de83-40bc-a32a-d65d67515a43', 'first_name': 'Riki', 'last_name': 'Kawamoto', 'country': 'JAPAN', 'abbr_name': 'R.Kawamoto'}"
,,,,,,,,,,,,,,,"{'id': 'aca3420a-9ed0-444d-b214-f831561f7c71', 'first_name': 'Tom', 'last_name': 'Kim', 'country': 'SOUTH KOREA', 'abbr_name': 'T.Kim'}"
,,,,,,,,,,,,,,,"{'id': '21886b8c-d915-4bbc-9bda-0352821c432b', 'first_name': 'Si Woo', 'last_name': 'Kim', 'country': 'SOUTH KOREA', 'abbr_name': 'S.Kim'}"
,,,,,,,,,,,,,,,"{'id': '5e4d3877-596c-4165-93d6-cda69c29447a', 'first_name': 'Kurt', 'last_name': 'Kitayama', 'country': 'UNITED STATES', 'abbr_name': 'K.Kitayama'}"
,,,,,,,,,,,,,,,"{'id': '0e1589f1-3921-4b6b-9003-29a4f38415bb', 'first_name': 'Russell', 'last_name': 'Knox', 'country': 'SCOTLAND', 'abbr_name': 'R.Knox'}"
,,,,,,,,,,,,,,,"{'id': 'a6e8282b-2a5d-44fb-b28a-4e5c27770aaf', 'first_name': 'Satoshi', 'last_name': 'Kodaira', 'country': 'JAPAN', 'abbr_name': 'S.Kodaira'}"
,,,,,,,,,,,,,,,"{'id': '45a571da-a1e4-4d48-9f88-47bb5185f0d0', 'first_name': 'Martin', 'last_name': 'Laird', 'country': 'SCOTLAND', 'abbr_name': 'M.Laird'}"
,,,,,,,,,,,,,,,"{'id': 'ad2405f8-2e7c-4c32-abfc-ad0a7e703244', 'first_name': 'Kyoung-Hoon', 'last_name': 'Lee', 'country': 'SOUTH KOREA', 'abbr_name': 'K.Lee'}"
,,,,,,,,,,,,,,,"{'id': 'a4978416-8ed7-4884-ac5f-2bc941b0801d', 'first_name': 'Danny', 'last_name': 'Lee', 'country': 'NEW ZEALAND', 'abbr_name': 'D.Lee'}"
,,,,,,,,,,,,,,,"{'id': '74dc07d3-784c-4e1c-95ad-d3a22d58f9d9', 'first_name': 'David', 'last_name': 'Lipsky', 'country': 'UNITED STATES', 'abbr_name': 'D.Lipsky'}"
,,,,,,,,,,,,,,,"{'id': '59e38135-5887-43e5-b6ab-25cbfedcd6e5', 'first_name': 'Luke', 'last_name': 'List', 'country': 'UNITED STATES', 'abbr_name': 'L.List'}"
,,,,,,,,,,,,,,,"{'id': '352c0895-df8e-4b76-9294-4079a2d08078', 'first_name': 'Adam', 'last_name': 'Long', 'country': 'UNITED STATES', 'abbr_name': 'A.Long'}"
,,,,,,,,,,,,,,,"{'id': '5ccb172d-5bbd-4302-a0ad-43ad9ffff64b', 'first_name': 'Peter', 'last_name': 'Malnati', 'country': 'UNITED STATES', 'abbr_name': 'P.Malnati'}"
,,,,,,,,,,,,,,,"{'id': 'd45bcf4a-5803-4b0b-ab6c-6427a76cecf7', 'first_name': 'Hideki', 'last_name': 'Matsuyama', 'country': 'JAPAN', 'abbr_name': 'H.Matsuyama'}"
,,,,,,,,,,,,,,,"{'id': '37221a6c-c8c4-4eaa-beba-715f6e781962', 'first_name': 'Maverick', 'last_name': 'McNealy', 'country': 'UNITED STATES', 'abbr_name': 'M.McNealy'}"
,,,,,,,,,,,,,,,"{'id': '5b5a340c-7b78-4a03-a12c-8f61a0978019', 'first_name': 'Troy', 'last_name': 'Merritt', 'country': 'UNITED STATES', 'abbr_name': 'T.Merritt'}"
,,,,,,,,,,,,,,,"{'id': '4e93ec3d-3ca8-4755-a874-4d1e5c18ccbf', 'first_name': 'Taylor', 'last_name': 'Moore', 'country': 'UNITED STATES', 'abbr_name': 'T.Moore'}"
,,,,,,,,,,,,,,,"{'id': 'f0ff1391-fc29-41bf-b46a-cd5ef9f63ad9', 'first_name': 'Collin', 'last_name': 'Morikawa', 'country': 'UNITED STATES', 'abbr_name': 'C.Morikawa'}"
,,,,,,,,,,,,,,,"{'id': '47fb8832-bf6c-4c00-a944-160b6f42fae6', 'first_name': 'Sebastian', 'last_name': 'Munoz', 'country': 'COLOMBIA', 'abbr_name': 'S.Munoz'}"
,,,,,,,,,,,,,,,"{'id': 'd76795dc-6280-41d9-9345-7ec0b96453fc', 'first_name': 'Keita', 'last_name': 'Nakajima', 'country': 'JAPAN', 'abbr_name': 'K.Nakajima'}"
,,,,,,,,,,,,,,,"{'id': '495479d6-cc8c-4a33-bce1-19d76de4448b', 'first_name': 'Matthew', 'last_name': 'NeSmith', 'country': 'UNITED STATES', 'abbr_name': 'M.NeSmith'}"
,,,,,,,,,,,,,,,"{'id': '9ba527b3-3690-439a-a656-36d2491d99a1', 'first_name': 'Kaito', 'last_name': 'Onishi', 'country': 'JAPAN', 'abbr_name': 'K.Onishi'}"
,,,,,,,,,,,,,,,"{'id': 'f3882acf-78ac-4441-aff8-9dbb148fcf12', 'first_name': 'Tomoharu', 'last_name': 'Otsuki', 'country': 'JAPAN', 'abbr_name': 'T.Otsuki'}"
,,,,,,,,,,,,,,,"{'id': '49fb93d3-5dbe-448f-a0cb-d851087f2019', 'first_name': 'C.T.', 'last_name': 'Pan', 'country': 'CHINESE TAIPEI', 'abbr_name': 'C.Pan'}"
,,,,,,,,,,,,,,,"{'id': '6085737f-7886-4f0f-8c4b-72c9c00664bc', 'first_name': 'Mito', 'last_name': 'Pereira', 'country': 'CHILE', 'abbr_name': 'M.Pereira'}"
,,,,,,,,,,,,,,,"{'id': 'bf8aa94c-d1a9-4de4-a05f-322092033fb0', 'first_name': 'Andrew', 'last_name': 'Putnam', 'country': 'UNITED STATES', 'abbr_name': 'A.Putnam'}"
,,,,,,,,,,,,,,,"{'id': '31f03fb8-f92c-4853-8805-c668430cecc2', 'first_name': 'Aaron', 'last_name': 'Rai', 'country': 'ENGLAND', 'abbr_name': 'A.Rai'}"
,,,,,,,,,,,,,,,"{'id': '43b877f1-e7e4-4218-b1a4-46c9f152b920', 'first_name': 'Chad', 'last_name': 'Ramey', 'country': 'UNITED STATES', 'abbr_name': 'C.Ramey'}"
,,,,,,,,,,,,,,,"{'id': 'a76f47fb-8523-457b-8b16-2c88d8e5c892', 'first_name': 'Chez', 'last_name': 'Reavie', 'country': 'UNITED STATES', 'abbr_name': 'C.Reavie'}"
,,,,,,,,,,,,,,,"{'id': 'f8a4cccc-bf81-4863-99a5-60b13d911184', 'first_name': 'Davis', 'last_name': 'Riley', 'country': 'UNITED STATES', 'abbr_name': 'D.Riley'}"
,,,,,,,,,,,,,,,"{'id': '3888a78e-b24a-4005-8915-2f03fccf3107', 'first_name': 'Patrick', 'last_name': 'Rodgers', 'country': 'UNITED STATES', 'abbr_name': 'P.Rodgers'}"
,,,,,,,,,,,,,,,"{'id': '229faa9c-fc01-46bb-a8cb-f6b0310a8cef', 'first_name': 'Sam', 'last_name': 'Ryder', 'country': 'UNITED STATES', 'abbr_name': 'S.Ryder'}"
,,,,,,,,,,,,,,,"{'id': '26dc0bda-b9a8-4303-9c1c-ddecda3817d2', 'first_name': 'Xander', 'last_name': 'Schauffele', 'country': 'UNITED STATES', 'abbr_name': 'X.Schauffele'}"
,,,,,,,,,,,,,,,"{'id': 'cb1856a9-b6ef-45ca-9ad7-9c02501f2481', 'first_name': 'Adam', 'last_name': 'Schenk', 'country': 'UNITED STATES', 'abbr_name': 'A.Schenk'}"
,,,,,,,,,,,,,,,"{'id': 'fa3c656a-7f3e-4931-ab19-5e07cc52c4f9', 'first_name': 'Alex', 'last_name': 'Smalley', 'country': 'UNITED STATES', 'abbr_name': 'A.Smalley'}"
,,,,,,,,,,,,,,,"{'id': '7fdc75ca-2c33-49b8-8738-a8ea06fb51ed', 'first_name': 'J.J.', 'last_name': 'Spaun', 'country': 'UNITED STATES', 'abbr_name': 'J.Spaun'}"
,,,,,,,,,,,,,,,"{'id': 'd28839e8-d9f0-483f-9932-227775cb78cf', 'first_name': 'Scott', 'last_name': 'Stallings', 'country': 'UNITED STATES', 'abbr_name': 'S.Stallings'}"
,,,,,,,,,,,,,,,"{'id': '5003f675-818b-410a-9f2e-1a860d152900', 'first_name': 'Brendan', 'last_name': 'Steele', 'country': 'UNITED STATES', 'abbr_name': 'B.Steele'}"
,,,,,,,,,,,,,,,"{'id': '502087cf-2c40-4e1d-9649-4f4e6d7d7778', 'first_name': 'Sepp', 'last_name': 'Straka', 'country': 'AUSTRIA', 'abbr_name': 'S.Straka'}"
,,,,,,,,,,,,,,,"{'id': '4f8a4f4d-8359-4187-b506-3da3ad5b05fb', 'first_name': 'Kevin', 'last_name': 'Streelman', 'country': 'UNITED STATES', 'abbr_name': 'K.Streelman'}"
,,,,,,,,,,,,,,,"{'id': 'f3dd1173-b81a-4048-abdb-34ae5bc06ed1', 'first_name': 'Adam', 'last_name': 'Svensson', 'country': 'CANADA', 'abbr_name': 'A.Svensson'}"
,,,,,,,,,,,,,,,"{'id': '25faf9c2-3b45-4630-aac8-d11229cde0a1', 'first_name': 'Sahith', 'last_name': 'Theegala', 'country': 'UNITED STATES', 'abbr_name': 'S.Theegala'}"
,,,,,,,,,,,,,,,"{'id': 'e607849b-2f2e-4c86-8eed-e0c34f5ca60d', 'first_name': 'Matt', 'last_name': 'Wallace', 'country': 'ENGLAND', 'abbr_name': 'M.Wallace'}"
,,,,,,,,,,,,,,,"{'id': 'e8448c58-d9af-4b4a-8238-4275cf7ab383', 'first_name': 'Brandon', 'last_name': 'Wu', 'country': 'UNITED STATES', 'abbr_name': 'B.Wu'}"
,,,,,,,,,,,,,,,"{'id': '9fbf091c-5e4b-42a4-93d7-92a6785a618d', 'first_name': 'Cameron', 'last_name': 'Young', 'country': 'UNITED STATES', 'abbr_name': 'C.Young'}"
,,,,,,,,,,,,,Chiba,,
,,,,,,,,,,,,,JPN,,
,,,,,,,,,,,,,"[{'id': 'b5472441-c89d-4afb-a793-7df1cd7710cd', 'name': 'Accordia Golf Narashino Country Club', 'yardage': 7079, 'par': 70, 'holes': [{'number': 1, 'par': 4, 'yardage': 405}, {'number': 2, 'par': 4, 'yardage': 363}, {'number': 3, 'par': 3, 'yardage': 180}, {'number': 4, 'par': 4, 'yardage': 505}, {'number': 5, 'par': 3, 'yardage': 205}, {'number': 6, 'par': 5, 'yardage': 587}, {'number': 7, 'par': 3, 'yardage': 167}, {'number': 8, 'par': 4, 'yardage': 395}, {'number': 9, 'par': 4, 'yardage': 486}, {'number': 10, 'par': 4, 'yardage': 400}, {'number': 11, 'par': 4, 'yardage': 486}, {'number': 12, 'par': 4, 'yardage': 490}, {'number': 13, 'par': 3, 'yardage': 141}, {'number': 14, 'par': 5, 'yardage': 608}, {'number': 15, 'par': 4, 'yardage': 425}, {'number': 16, 'par': 3, 'yardage': 183}, {'number': 17, 'par': 4, 'yardage': 491}, {'number': 18, 'par': 5, 'yardage': 562}]}]",,
,,,,,,,,,,,,,b2efd1bd-12e5-4dd2-941d-ba9f86f4fd78,,
,,,,,,,,,,,,,Accordia Golf Narashino Country Club,,
